{"items":["a008","a165","e018","e025","f063","f118","f120","g006","y002","y003"],"center":[1.8943346824,1.7249291681,1.5375948814,2.1269639031,7.1949652909,3.9094104719,3.8423957313,1.5694507646,1.7972968314,0.19721005786],"scale":[0.71428942794,0.44655054645,0.72791694544,0.82373260626,3.2116353258,3.3945220392,3.0616139885,0.73247264575,0.61878304245,1.1374858635],"weights":[[-0.23807309806,0.49269801609],[-0.2251712732,0.1488361647],[-0.014293231158,0.32860123575],[-0.27281863433,0.12800336475],[-0.18470853804,-0.21524790046],[0.31012187775,-0.010659178321],[0.2628449143,0.090593025901],[-0.082774181417,0.49177541639],[0.1796722504,-0.080708482322],[0.15181160734,0.18147842385]],"se":1,"sec":2,"rc1":[1.81,0.38],"rc2":[1.61,-0.01],"note":"project: z=(x-center)/scale; s=z@weights; RC1=rc1[1]*s[se-1]+rc1[2]; RC2=rc2[1]*s[sec-1]+rc2[2] (se,sec are 1-based)","groundtruth":{"base":[1.9708776837,2.109577549],"soupiw":[1.1615774204,2.2364509534]}}
